ccode,cname,year,ccp_civil,wdi_wombuslawi,atop_neutrality
4,Afghanistan,1946,2.0,,1.0
4,Afghanistan,1947,2.0,,1.0
4,Afghanistan,1948,2.0,,1.0
4,Afghanistan,1949,2.0,,1.0
4,Afghanistan,1950,2.0,,1.0
4,Afghanistan,1951,2.0,,1.0
4,Afghanistan,1952,2.0,,1.0
4,Afghanistan,1953,2.0,,1.0
4,Afghanistan,1954,2.0,,1.0
4,Afghanistan,1955,2.0,,1.0
4,Afghanistan,1956,2.0,,1.0
4,Afghanistan,1957,2.0,,1.0
4,Afghanistan,1958,2.0,,1.0
4,Afghanistan,1959,2.0,,1.0
4,Afghanistan,1960,2.0,,1.0
4,Afghanistan,1961,2.0,,1.0
4,Afghanistan,1962,2.0,,1.0
4,Afghanistan,1963,2.0,,1.0
4,Afghanistan,1964,1.0,,1.0
4,Afghanistan,1965,1.0,,1.0
4,Afghanistan,1966,1.0,,1.0
4,Afghanistan,1967,1.0,,1.0
4,Afghanistan,1968,1.0,,1.0
4,Afghanistan,1969,1.0,,1.0
4,Afghanistan,1970,1.0,26.25,1.0
4,Afghanistan,1971,1.0,26.25,1.0
4,Afghanistan,1972,1.0,26.25,1.0
4,Afghanistan,1973,,26.25,1.0
4,Afghanistan,1974,,26.25,1.0
4,Afghanistan,1975,,26.25,1.0
4,Afghanistan,1976,,26.25,1.0
4,Afghanistan,1977,1.0,26.25,1.0
4,Afghanistan,1978,,26.25,1.0
4,Afghanistan,1979,2.0,26.25,1.0
4,Afghanistan,1980,2.0,26.25,0.0
4,Afghanistan,1981,2.0,26.25,0.0
4,Afghanistan,1982,2.0,26.25,0.0
4,Afghanistan,1983,2.0,26.25,0.0
4,Afghanistan,1984,2.0,26.25,0.0
4,Afghanistan,1985,2.0,26.25,0.0
4,Afghanistan,1986,2.0,26.25,0.0
4,Afghanistan,1987,1.0,26.25,0.0
4,Afghanistan,1988,1.0,25.625,0.0
4,Afghanistan,1989,1.0,25.625,0.0
4,Afghanistan,1990,2.0,25.625,0.0
4,Afghanistan,1991,2.0,25.625,0.0
4,Afghanistan,1992,2.0,25.625,0.0
4,Afghanistan,1993,2.0,25.625,0.0
4,Afghanistan,1994,2.0,25.625,0.0
4,Afghanistan,1995,2.0,25.625,0.0
4,Afghanistan,1996,2.0,25.625,0.0
4,Afghanistan,1997,2.0,25.625,0.0
4,Afghanistan,1998,2.0,25.625,0.0
4,Afghanistan,1999,2.0,26.25,0.0
4,Afghanistan,2000,2.0,26.25,0.0
4,Afghanistan,2001,1.0,26.25,0.0
4,Afghanistan,2002,1.0,26.25,0.0
4,Afghanistan,2003,1.0,26.25,0.0
4,Afghanistan,2004,1.0,26.25,0.0
4,Afghanistan,2005,1.0,26.25,0.0
4,Afghanistan,2006,1.0,26.25,0.0
4,Afghanistan,2007,1.0,28.75,
4,Afghanistan,2008,1.0,28.75,
4,Afghanistan,2009,1.0,28.75,
4,Afghanistan,2010,1.0,28.75,
4,Afghanistan,2011,1.0,28.75,
4,Afghanistan,2012,1.0,28.75,0.0
4,Afghanistan,2013,1.0,28.75,0.0
4,Afghanistan,2014,1.0,28.75,0.0
4,Afghanistan,2015,1.0,28.75,0.0
4,Afghanistan,2016,1.0,38.125,0.0
4,Afghanistan,2017,1.0,38.125,0.0
4,Afghanistan,2018,1.0,38.125,0.0
4,Afghanistan,2019,1.0,38.125,
4,Afghanistan,2020,1.0,38.125,
4,Afghanistan,2021,1.0,38.125,
4,Afghanistan,2022,,31.875,
8,Albania,1946,2.0,,0.0
8,Albania,1947,2.0,,0.0
8,Albania,1948,2.0,,0.0
8,Albania,1949,2.0,,0.0
8,Albania,1950,2.0,,0.0
8,Albania,1951,2.0,,0.0
8,Albania,1952,2.0,,0.0
8,Albania,1953,2.0,,0.0
8,Albania,1954,2.0,,0.0
8,Albania,1955,2.0,,0.0
8,Albania,1956,2.0,,0.0
8,Albania,1957,2.0,,0.0
8,Albania,1958,2.0,,0.0
8,Albania,1959,2.0,,0.0
8,Albania,1960,2.0,,0.0
8,Albania,1961,2.0,,0.0
8,Albania,1962,2.0,,0.0
8,Albania,1963,2.0,,0.0
8,Albania,1964,2.0,,0.0
8,Albania,1965,2.0,,0.0
8,Albania,1966,2.0,,0.0
8,Albania,1967,2.0,,0.0
8,Albania,1968,2.0,,0.0
8,Albania,1969,2.0,,
8,Albania,1970,2.0,59.375,
8,Albania,1971,2.0,59.375,
8,Albania,1972,2.0,59.375,
8,Albania,1973,2.0,59.375,
8,Albania,1974,2.0,59.375,
8,Albania,1975,2.0,59.375,
8,Albania,1976,2.0,59.375,
8,Albania,1977,2.0,59.375,
8,Albania,1978,2.0,59.375,
8,Albania,1979,2.0,59.375,
8,Albania,1980,2.0,59.375,
8,Albania,1981,2.0,59.375,
8,Albania,1982,2.0,59.375,
8,Albania,1983,2.0,59.375,
8,Albania,1984,2.0,59.375,
8,Albania,1985,2.0,59.375,
8,Albania,1986,2.0,59.375,
8,Albania,1987,2.0,59.375,
8,Albania,1988,2.0,59.375,
8,Albania,1989,2.0,59.375,
8,Albania,1990,2.0,59.375,
8,Albania,1991,2.0,59.375,0.0
8,Albania,1992,2.0,59.375,1.0
8,Albania,1993,2.0,65.0,1.0
8,Albania,1994,2.0,65.0,1.0
8,Albania,1995,2.0,65.0,1.0
8,Albania,1996,2.0,77.5,1.0
8,Albania,1997,2.0,77.5,1.0
8,Albania,1998,1.0,77.5,1.0
8,Albania,1999,1.0,77.5,1.0
8,Albania,2000,1.0,77.5,1.0
8,Albania,2001,1.0,77.5,1.0
8,Albania,2002,1.0,77.5,1.0
8,Albania,2003,1.0,77.5,1.0
8,Albania,2004,1.0,80.0,1.0
8,Albania,2005,1.0,80.0,1.0
8,Albania,2006,1.0,80.0,1.0
8,Albania,2007,1.0,82.5,1.0
8,Albania,2008,1.0,82.5,1.0
8,Albania,2009,1.0,82.5,1.0
8,Albania,2010,1.0,85.625,1.0
8,Albania,2011,1.0,85.625,1.0
8,Albania,2012,1.0,85.625,1.0
8,Albania,2013,1.0,85.625,1.0
8,Albania,2014,1.0,85.625,1.0
8,Albania,2015,1.0,85.625,1.0
8,Albania,2016,1.0,91.25,1.0
8,Albania,2017,1.0,91.25,1.0
8,Albania,2018,1.0,91.25,1.0
8,Albania,2019,1.0,91.25,
8,Albania,2020,1.0,91.25,
8,Albania,2021,1.0,91.25,
8,Albania,2022,,91.25,
12,Algeria,1963,2.0,,0.0
12,Algeria,1964,2.0,,0.0
12,Algeria,1965,,,0.0
12,Algeria,1966,,,0.0
12,Algeria,1967,,,0.0
12,Algeria,1968,,,0.0
12,Algeria,1969,,,0.0
12,Algeria,1970,,30.0,0.0
12,Algeria,1971,,30.0,0.0
12,Algeria,1972,,30.0,0.0
12,Algeria,1973,,30.0,0.0
12,Algeria,1974,,30.0,0.0
12,Algeria,1975,,32.5,0.0
12,Algeria,1976,1.0,32.5,0.0
12,Algeria,1977,1.0,32.5,0.0
12,Algeria,1978,1.0,32.5,0.0
12,Algeria,1979,1.0,32.5,0.0
12,Algeria,1980,1.0,32.5,0.0
12,Algeria,1981,1.0,32.5,0.0
12,Algeria,1982,1.0,32.5,0.0
12,Algeria,1983,1.0,35.625,0.0
12,Algeria,1984,1.0,38.125,0.0
12,Algeria,1985,1.0,38.125,0.0
12,Algeria,1986,1.0,38.125,0.0
12,Algeria,1987,1.0,38.125,0.0
12,Algeria,1988,1.0,38.125,0.0
12,Algeria,1989,1.0,38.125,0.0
12,Algeria,1990,1.0,43.75,0.0
12,Algeria,1991,1.0,43.75,0.0
12,Algeria,1992,1.0,43.75,0.0
12,Algeria,1993,1.0,43.75,0.0
12,Algeria,1994,1.0,43.75,0.0
12,Algeria,1995,1.0,43.75,0.0
12,Algeria,1996,1.0,43.75,0.0
12,Algeria,1997,1.0,40.625,0.0
12,Algeria,1998,1.0,40.625,0.0
12,Algeria,1999,1.0,40.625,0.0
12,Algeria,2000,1.0,40.625,0.0
12,Algeria,2001,1.0,40.625,0.0
12,Algeria,2002,1.0,40.625,0.0
12,Algeria,2003,1.0,40.625,0.0
12,Algeria,2004,1.0,40.625,0.0
12,Algeria,2005,1.0,55.0,0.0
12,Algeria,2006,1.0,55.0,0.0
12,Algeria,2007,1.0,55.0,0.0
12,Algeria,2008,1.0,55.0,0.0
12,Algeria,2009,1.0,55.0,0.0
12,Algeria,2010,1.0,55.0,0.0
12,Algeria,2011,1.0,55.0,0.0
12,Algeria,2012,1.0,55.0,0.0
12,Algeria,2013,1.0,55.0,0.0
12,Algeria,2014,1.0,55.0,0.0
12,Algeria,2015,1.0,55.0,0.0
12,Algeria,2016,1.0,57.5,0.0
12,Algeria,2017,1.0,57.5,0.0
12,Algeria,2018,1.0,57.5,0.0
12,Algeria,2019,1.0,57.5,
12,Algeria,2020,1.0,57.5,
12,Algeria,2021,1.0,57.5,
12,Algeria,2022,,57.5,
20,Andorra,1993,1.0,,0.0
20,Andorra,1994,1.0,,0.0
20,Andorra,1995,1.0,,0.0
20,Andorra,1996,1.0,,0.0
20,Andorra,1997,1.0,,0.0
20,Andorra,1998,1.0,,0.0
20,Andorra,1999,1.0,,0.0
20,Andorra,2000,1.0,,0.0
20,Andorra,2001,1.0,,0.0
20,Andorra,2002,1.0,,0.0
20,Andorra,2003,1.0,,0.0
20,Andorra,2004,1.0,,0.0
20,Andorra,2005,1.0,,0.0
20,Andorra,2006,1.0,,0.0
20,Andorra,2007,1.0,,0.0
20,Andorra,2008,1.0,,0.0
20,Andorra,2009,1.0,,0.0
20,Andorra,2010,1.0,,0.0
20,Andorra,2011,1.0,,0.0
20,Andorra,2012,1.0,,0.0
20,Andorra,2013,1.0,,0.0
20,Andorra,2014,1.0,,0.0
20,Andorra,2015,1.0,,0.0
20,Andorra,2016,1.0,,0.0
20,Andorra,2017,1.0,,0.0
20,Andorra,2018,1.0,,0.0
20,Andorra,2019,1.0,,
20,Andorra,2020,1.0,,
20,Andorra,2021,1.0,,
24,Angola,1976,96.0,30.625,0.0
24,Angola,1977,96.0,30.625,0.0
24,Angola,1978,96.0,30.625,0.0
24,Angola,1979,96.0,30.625,0.0
24,Angola,1980,96.0,30.625,0.0
24,Angola,1981,96.0,30.625,0.0
24,Angola,1982,96.0,33.125,0.0
24,Angola,1983,96.0,33.125,0.0
24,Angola,1984,96.0,33.125,0.0
24,Angola,1985,96.0,33.125,0.0
24,Angola,1986,96.0,33.125,0.0
24,Angola,1987,96.0,33.125,0.0
24,Angola,1988,96.0,56.25,0.0
24,Angola,1989,96.0,56.25,0.0
24,Angola,1990,96.0,56.25,0.0
24,Angola,1991,96.0,56.25,0.0
24,Angola,1992,96.0,56.25,0.0
24,Angola,1993,96.0,56.25,0.0
24,Angola,1994,96.0,56.25,0.0
24,Angola,1995,96.0,56.25,0.0
24,Angola,1996,96.0,56.25,0.0
24,Angola,1997,96.0,56.25,0.0
24,Angola,1998,96.0,56.25,0.0
24,Angola,1999,96.0,56.25,0.0
24,Angola,2000,96.0,62.5,0.0
24,Angola,2001,96.0,62.5,0.0
24,Angola,2002,96.0,62.5,0.0
24,Angola,2003,96.0,62.5,0.0
24,Angola,2004,96.0,62.5,0.0
24,Angola,2005,96.0,62.5,0.0
24,Angola,2006,96.0,62.5,0.0
24,Angola,2007,96.0,62.5,0.0
24,Angola,2008,96.0,62.5,0.0
24,Angola,2009,96.0,62.5,0.0
24,Angola,2010,96.0,62.5,0.0
24,Angola,2011,96.0,65.0,0.0
24,Angola,2012,96.0,70.625,0.0
24,Angola,2013,96.0,70.625,0.0
24,Angola,2014,96.0,70.625,0.0
24,Angola,2015,96.0,70.625,0.0
24,Angola,2016,96.0,73.125,0.0
24,Angola,2017,96.0,73.125,0.0
24,Angola,2018,96.0,73.125,0.0
24,Angola,2019,96.0,73.125,
24,Angola,2020,96.0,73.125,
24,Angola,2021,96.0,79.375,
24,Angola,2022,,79.375,
28,Antigua and Barbuda,1982,2.0,61.25,0.0
28,Antigua and Barbuda,1983,2.0,61.25,0.0
28,Antigua and Barbuda,1984,2.0,61.25,0.0
28,Antigua and Barbuda,1985,2.0,61.25,0.0
28,Antigua and Barbuda,1986,2.0,61.25,0.0
28,Antigua and Barbuda,1987,2.0,61.25,0.0
28,Antigua and Barbuda,1988,2.0,61.25,0.0
28,Antigua and Barbuda,1989,2.0,61.25,0.0
28,Antigua and Barbuda,1990,2.0,61.25,0.0
28,Antigua and Barbuda,1991,2.0,61.25,0.0
28,Antigua and Barbuda,1992,2.0,61.25,0.0
28,Antigua and Barbuda,1993,2.0,61.25,0.0
28,Antigua and Barbuda,1994,2.0,61.25,0.0
28,Antigua and Barbuda,1995,2.0,61.25,0.0
28,Antigua and Barbuda,1996,2.0,61.25,0.0
28,Antigua and Barbuda,1997,2.0,63.75,0.0
28,Antigua and Barbuda,1998,2.0,63.75,0.0
28,Antigua and Barbuda,1999,2.0,66.25,0.0
28,Antigua and Barbuda,2000,2.0,66.25,0.0
28,Antigua and Barbuda,2001,2.0,66.25,0.0
28,Antigua and Barbuda,2002,2.0,66.25,0.0
28,Antigua and Barbuda,2003,2.0,66.25,0.0
28,Antigua and Barbuda,2004,2.0,66.25,0.0
28,Antigua and Barbuda,2005,2.0,66.25,0.0
28,Antigua and Barbuda,2006,2.0,66.25,0.0
28,Antigua and Barbuda,2007,2.0,66.25,0.0
28,Antigua and Barbuda,2008,2.0,66.25,0.0
28,Antigua and Barbuda,2009,2.0,66.25,0.0
28,Antigua and Barbuda,2010,2.0,66.25,0.0
28,Antigua and Barbuda,2011,2.0,66.25,0.0
28,Antigua and Barbuda,2012,2.0,66.25,0.0
28,Antigua and Barbuda,2013,2.0,66.25,0.0
28,Antigua and Barbuda,2014,2.0,66.25,0.0
28,Antigua and Barbuda,2015,2.0,66.25,0.0
28,Antigua and Barbuda,2016,2.0,66.25,0.0
28,Antigua and Barbuda,2017,2.0,66.25,0.0
28,Antigua and Barbuda,2018,2.0,66.25,0.0
28,Antigua and Barbuda,2019,2.0,66.25,
28,Antigua and Barbuda,2020,2.0,66.25,
28,Antigua and Barbuda,2021,2.0,66.25,
28,Antigua and Barbuda,2022,,66.25,
31,Azerbaijan,1992,2.0,61.25,0.0
31,Azerbaijan,1993,2.0,64.375,0.0
31,Azerbaijan,1994,2.0,64.375,0.0
31,Azerbaijan,1995,2.0,64.375,0.0
31,Azerbaijan,1996,2.0,64.375,1.0
31,Azerbaijan,1997,2.0,64.375,1.0
31,Azerbaijan,1998,2.0,64.375,1.0
31,Azerbaijan,1999,2.0,64.375,1.0
31,Azerbaijan,2000,2.0,66.875,1.0
31,Azerbaijan,2001,2.0,66.875,1.0
31,Azerbaijan,2002,2.0,66.875,1.0
31,Azerbaijan,2003,2.0,66.875,1.0
31,Azerbaijan,2004,2.0,66.875,1.0
31,Azerbaijan,2005,2.0,66.875,1.0
31,Azerbaijan,2006,2.0,66.875,0.0
31,Azerbaijan,2007,2.0,76.25,0.0
31,Azerbaijan,2008,2.0,76.25,0.0
31,Azerbaijan,2009,2.0,76.25,0.0
31,Azerbaijan,2010,2.0,76.25,0.0
31,Azerbaijan,2011,2.0,78.75,0.0
31,Azerbaijan,2012,2.0,78.75,0.0
31,Azerbaijan,2013,2.0,78.75,0.0
31,Azerbaijan,2014,2.0,78.75,0.0
31,Azerbaijan,2015,2.0,78.75,0.0
31,Azerbaijan,2016,2.0,78.75,0.0
31,Azerbaijan,2017,2.0,78.75,0.0
31,Azerbaijan,2018,2.0,78.75,0.0
31,Azerbaijan,2019,2.0,78.75,
31,Azerbaijan,2020,2.0,78.75,
31,Azerbaijan,2021,2.0,78.75,
31,Azerbaijan,2022,,78.75,
32,Argentina,1946,1.0,,0.0
32,Argentina,1947,1.0,,0.0
32,Argentina,1948,1.0,,0.0
32,Argentina,1949,1.0,,0.0
32,Argentina,1950,1.0,,0.0
32,Argentina,1951,1.0,,0.0
32,Argentina,1952,1.0,,0.0
32,Argentina,1953,1.0,,0.0
32,Argentina,1954,1.0,,0.0
32,Argentina,1955,1.0,,0.0
32,Argentina,1956,2.0,,0.0
32,Argentina,1957,1.0,,0.0
32,Argentina,1958,1.0,,0.0
32,Argentina,1959,1.0,,0.0
32,Argentina,1960,1.0,,0.0
32,Argentina,1961,1.0,,0.0
32,Argentina,1962,1.0,,0.0
32,Argentina,1963,1.0,,0.0
32,Argentina,1964,1.0,,0.0
32,Argentina,1965,1.0,,0.0
32,Argentina,1966,,,0.0
32,Argentina,1967,,,0.0
32,Argentina,1968,,,0.0
32,Argentina,1969,,,0.0
32,Argentina,1970,,30.625,0.0
32,Argentina,1971,,30.625,0.0
32,Argentina,1972,1.0,30.625,0.0
32,Argentina,1973,1.0,30.625,0.0
32,Argentina,1974,1.0,30.625,0.0
32,Argentina,1975,1.0,32.5,0.0
32,Argentina,1976,,38.75,0.0
32,Argentina,1977,,38.75,0.0
32,Argentina,1978,,38.75,0.0
32,Argentina,1979,,38.75,0.0
32,Argentina,1980,,38.75,0.0
32,Argentina,1981,,38.75,0.0
32,Argentina,1982,,38.75,0.0
32,Argentina,1983,1.0,38.75,0.0
32,Argentina,1984,1.0,38.75,0.0
32,Argentina,1985,1.0,38.75,0.0
32,Argentina,1986,1.0,38.75,0.0
32,Argentina,1987,1.0,38.75,0.0
32,Argentina,1988,1.0,59.375,0.0
32,Argentina,1989,1.0,59.375,0.0
32,Argentina,1990,1.0,59.375,0.0
32,Argentina,1991,1.0,59.375,0.0
32,Argentina,1992,1.0,62.5,0.0
32,Argentina,1993,1.0,62.5,0.0
32,Argentina,1994,1.0,62.5,0.0
32,Argentina,1995,1.0,65.0,0.0
32,Argentina,1996,1.0,65.0,0.0
32,Argentina,1997,1.0,65.0,0.0
32,Argentina,1998,1.0,65.0,0.0
32,Argentina,1999,1.0,65.0,0.0
32,Argentina,2000,1.0,65.0,0.0
32,Argentina,2001,1.0,65.0,0.0
32,Argentina,2002,1.0,65.0,0.0
32,Argentina,2003,1.0,65.0,0.0
32,Argentina,2004,1.0,70.0,0.0
32,Argentina,2005,1.0,70.0,0.0
32,Argentina,2006,1.0,70.0,0.0
32,Argentina,2007,1.0,70.0,0.0
32,Argentina,2008,1.0,70.0,0.0
32,Argentina,2009,1.0,73.125,0.0
32,Argentina,2010,1.0,73.125,0.0
32,Argentina,2011,1.0,73.125,0.0
32,Argentina,2012,1.0,73.125,0.0
32,Argentina,2013,1.0,73.125,0.0
32,Argentina,2014,1.0,73.125,0.0
32,Argentina,2015,1.0,73.125,0.0
32,Argentina,2016,1.0,73.125,0.0
32,Argentina,2017,1.0,73.125,0.0
32,Argentina,2018,1.0,76.25,0.0
32,Argentina,2019,1.0,76.25,
32,Argentina,2020,1.0,76.25,
32,Argentina,2021,1.0,79.375,
32,Argentina,2022,,79.375,
36,Australia,1946,2.0,,0.0
36,Australia,1947,2.0,,0.0
36,Australia,1948,2.0,,0.0
36,Australia,1949,2.0,,0.0
36,Australia,1950,2.0,,0.0
36,Australia,1951,2.0,,0.0
36,Australia,1952,2.0,,0.0
36,Australia,1953,2.0,,0.0
36,Australia,1954,2.0,,0.0
36,Australia,1955,2.0,,0.0
36,Australia,1956,2.0,,0.0
36,Australia,1957,2.0,,0.0
36,Australia,1958,2.0,,0.0
36,Australia,1959,2.0,,0.0
36,Australia,1960,2.0,,0.0
36,Australia,1961,2.0,,0.0
36,Australia,1962,2.0,,0.0
36,Australia,1963,2.0,,0.0
36,Australia,1964,2.0,,0.0
36,Australia,1965,2.0,,0.0
36,Australia,1966,2.0,,0.0
36,Australia,1967,2.0,,0.0
36,Australia,1968,2.0,,0.0
36,Australia,1969,2.0,,0.0
36,Australia,1970,2.0,54.375,0.0
36,Australia,1971,2.0,54.375,0.0
36,Australia,1972,2.0,54.375,0.0
36,Australia,1973,2.0,54.375,0.0
36,Australia,1974,2.0,54.375,0.0
36,Australia,1975,2.0,54.375,0.0
36,Australia,1976,2.0,56.875,0.0
36,Australia,1977,2.0,60.0,0.0
36,Australia,1978,2.0,60.0,0.0
36,Australia,1979,2.0,60.0,0.0
36,Australia,1980,2.0,60.0,0.0
36,Australia,1981,2.0,62.5,0.0
36,Australia,1982,2.0,65.625,0.0
36,Australia,1983,2.0,68.75,0.0
36,Australia,1984,2.0,75.0,0.0
36,Australia,1985,2.0,75.0,0.0
36,Australia,1986,2.0,75.0,0.0
36,Australia,1987,2.0,75.0,0.0
36,Australia,1988,2.0,75.0,0.0
36,Australia,1989,2.0,75.0,0.0
36,Australia,1990,2.0,75.0,0.0
36,Australia,1991,2.0,75.0,0.0
36,Australia,1992,2.0,75.0,0.0
36,Australia,1993,2.0,75.0,0.0
36,Australia,1994,2.0,75.0,0.0
36,Australia,1995,2.0,75.0,0.0
36,Australia,1996,2.0,75.0,0.0
36,Australia,1997,2.0,81.25,0.0
36,Australia,1998,2.0,81.25,0.0
36,Australia,1999,2.0,81.25,0.0
36,Australia,2000,2.0,81.25,0.0
36,Australia,2001,2.0,81.25,0.0
36,Australia,2002,2.0,81.25,0.0
36,Australia,2003,2.0,81.25,0.0
36,Australia,2004,2.0,81.25,0.0
36,Australia,2005,2.0,81.25,0.0
36,Australia,2006,2.0,81.25,0.0
36,Australia,2007,2.0,81.25,0.0
36,Australia,2008,2.0,81.25,0.0
36,Australia,2009,2.0,83.75,0.0
36,Australia,2010,2.0,83.75,0.0
36,Australia,2011,2.0,91.25,0.0
36,Australia,2012,2.0,91.25,0.0
36,Australia,2013,2.0,93.75,0.0
36,Australia,2014,2.0,93.75,0.0
36,Australia,2015,2.0,96.875,0.0
36,Australia,2016,2.0,96.875,0.0
36,Australia,2017,2.0,96.875,0.0
36,Australia,2018,2.0,96.875,0.0
36,Australia,2019,2.0,96.875,
36,Australia,2020,2.0,96.875,
36,Australia,2021,2.0,96.875,
36,Australia,2022,,96.875,
40,Austria,1955,2.0,,
40,Austria,1956,2.0,,
40,Austria,1957,2.0,,
40,Austria,1958,2.0,,
40,Austria,1959,2.0,,
40,Austria,1960,2.0,,
40,Austria,1961,2.0,,
40,Austria,1962,2.0,,
40,Austria,1963,2.0,,
40,Austria,1964,2.0,,
40,Austria,1965,2.0,,
40,Austria,1966,2.0,,
40,Austria,1967,2.0,,
40,Austria,1968,2.0,,
40,Austria,1969,2.0,,
40,Austria,1970,2.0,41.25,
40,Austria,1971,2.0,41.25,
40,Austria,1972,2.0,41.25,
40,Austria,1973,2.0,41.25,
40,Austria,1974,2.0,43.75,
40,Austria,1975,2.0,43.75,0.0
40,Austria,1976,2.0,51.875,0.0
40,Austria,1977,2.0,51.875,0.0
40,Austria,1978,2.0,51.875,0.0
40,Austria,1979,2.0,68.125,0.0
40,Austria,1980,2.0,68.125,0.0
40,Austria,1981,2.0,68.125,0.0
40,Austria,1982,2.0,68.125,0.0
40,Austria,1983,2.0,68.125,0.0
40,Austria,1984,2.0,70.625,0.0
40,Austria,1985,2.0,70.625,0.0
40,Austria,1986,2.0,70.625,0.0
40,Austria,1987,2.0,70.625,0.0
40,Austria,1988,2.0,70.625,0.0
40,Austria,1989,2.0,70.625,0.0
40,Austria,1990,2.0,70.625,0.0
40,Austria,1991,2.0,73.125,0.0
40,Austria,1992,2.0,73.125,0.0
40,Austria,1993,2.0,76.25,0.0
40,Austria,1994,2.0,76.25,0.0
40,Austria,1995,2.0,76.25,0.0
40,Austria,1996,2.0,76.25,0.0
40,Austria,1997,2.0,78.75,0.0
40,Austria,1998,2.0,78.75,0.0
40,Austria,1999,2.0,78.75,0.0
40,Austria,2000,2.0,78.75,0.0
40,Austria,2001,2.0,78.75,0.0
40,Austria,2002,2.0,78.75,0.0
40,Austria,2003,2.0,81.875,0.0
40,Austria,2004,2.0,81.875,0.0
40,Austria,2005,2.0,85.0,0.0
40,Austria,2006,2.0,85.0,0.0
40,Austria,2007,2.0,85.0,0.0
40,Austria,2008,2.0,85.0,0.0
40,Austria,2009,2.0,91.25,0.0
40,Austria,2010,2.0,91.25,0.0
40,Austria,2011,2.0,91.25,0.0
40,Austria,2012,2.0,91.25,0.0
40,Austria,2013,2.0,91.25,0.0
40,Austria,2014,2.0,94.375,0.0
40,Austria,2015,2.0,94.375,0.0
40,Austria,2016,2.0,94.375,0.0
40,Austria,2017,2.0,94.375,0.0
40,Austria,2018,2.0,94.375,0.0
40,Austria,2019,2.0,94.375,
40,Austria,2020,2.0,96.875,
40,Austria,2021,2.0,96.875,
40,Austria,2022,,96.875,
44,Bahamas (the),1974,1.0,56.25,
44,Bahamas (the),1975,1.0,56.25,
44,Bahamas (the),1976,1.0,56.25,
44,Bahamas (the),1977,1.0,56.25,
44,Bahamas (the),1978,1.0,56.25,
44,Bahamas (the),1979,1.0,56.25,
44,Bahamas (the),1980,1.0,56.25,
44,Bahamas (the),1981,1.0,56.25,
44,Bahamas (the),1982,1.0,56.25,0.0
44,Bahamas (the),1983,1.0,58.75,0.0
44,Bahamas (the),1984,1.0,58.75,0.0
44,Bahamas (the),1985,1.0,61.875,0.0
44,Bahamas (the),1986,1.0,61.875,0.0
44,Bahamas (the),1987,1.0,61.875,0.0
44,Bahamas (the),1988,1.0,64.375,0.0
44,Bahamas (the),1989,1.0,64.375,0.0
44,Bahamas (the),1990,1.0,64.375,0.0
44,Bahamas (the),1991,1.0,64.375,0.0
44,Bahamas (the),1992,1.0,73.125,0.0
44,Bahamas (the),1993,1.0,73.125,0.0
44,Bahamas (the),1994,1.0,73.125,0.0
44,Bahamas (the),1995,1.0,73.125,0.0
44,Bahamas (the),1996,1.0,73.125,0.0
44,Bahamas (the),1997,1.0,73.125,0.0
44,Bahamas (the),1998,1.0,73.125,0.0
44,Bahamas (the),1999,1.0,73.125,0.0
44,Bahamas (the),2000,1.0,73.125,0.0
44,Bahamas (the),2001,1.0,73.125,0.0
44,Bahamas (the),2002,1.0,81.25,0.0
44,Bahamas (the),2003,1.0,81.25,0.0
44,Bahamas (the),2004,1.0,81.25,0.0
44,Bahamas (the),2005,1.0,81.25,0.0
44,Bahamas (the),2006,1.0,81.25,0.0
44,Bahamas (the),2007,1.0,81.25,0.0
44,Bahamas (the),2008,1.0,81.25,0.0
44,Bahamas (the),2009,1.0,81.25,0.0
44,Bahamas (the),2010,1.0,81.25,0.0
44,Bahamas (the),2011,1.0,81.25,0.0
44,Bahamas (the),2012,1.0,81.25,0.0
44,Bahamas (the),2013,1.0,81.25,0.0
44,Bahamas (the),2014,1.0,81.25,0.0
44,Bahamas (the),2015,1.0,81.25,0.0
44,Bahamas (the),2016,1.0,81.25,0.0
44,Bahamas (the),2017,1.0,81.25,0.0
44,Bahamas (the),2018,1.0,81.25,0.0
44,Bahamas (the),2019,1.0,81.25,
44,Bahamas (the),2020,1.0,81.25,
44,Bahamas (the),2021,1.0,81.25,
44,Bahamas (the),2022,,81.25,
48,Bahrain,1972,,20.625,0.0
48,Bahrain,1973,2.0,20.625,0.0
48,Bahrain,1974,2.0,20.625,0.0
48,Bahrain,1975,2.0,20.625,0.0
48,Bahrain,1976,2.0,20.625,0.0
48,Bahrain,1977,2.0,26.25,0.0
48,Bahrain,1978,2.0,26.25,0.0
48,Bahrain,1979,2.0,26.25,0.0
48,Bahrain,1980,2.0,26.25,0.0
48,Bahrain,1981,2.0,26.25,0.0
48,Bahrain,1982,2.0,26.25,0.0
48,Bahrain,1983,2.0,26.25,0.0
48,Bahrain,1984,2.0,26.25,0.0
48,Bahrain,1985,2.0,26.25,0.0
48,Bahrain,1986,2.0,26.25,0.0
48,Bahrain,1987,2.0,26.25,0.0
48,Bahrain,1988,2.0,26.25,0.0
48,Bahrain,1989,2.0,26.25,0.0
48,Bahrain,1990,2.0,26.25,0.0
48,Bahrain,1991,2.0,26.25,0.0
48,Bahrain,1992,2.0,26.25,0.0
48,Bahrain,1993,2.0,26.25,0.0
48,Bahrain,1994,2.0,28.75,0.0
48,Bahrain,1995,2.0,28.75,0.0
48,Bahrain,1996,2.0,28.75,0.0
48,Bahrain,1997,2.0,28.75,0.0
48,Bahrain,1998,2.0,28.75,0.0
48,Bahrain,1999,2.0,28.75,0.0
48,Bahrain,2000,2.0,28.75,0.0
48,Bahrain,2001,2.0,28.75,0.0
48,Bahrain,2002,96.0,28.75,0.0
48,Bahrain,2003,96.0,28.75,0.0
48,Bahrain,2004,96.0,28.75,0.0
48,Bahrain,2005,96.0,28.75,0.0
48,Bahrain,2006,96.0,31.875,0.0
48,Bahrain,2007,96.0,31.875,0.0
48,Bahrain,2008,96.0,31.875,0.0
48,Bahrain,2009,96.0,31.875,0.0
48,Bahrain,2010,96.0,31.875,0.0
48,Bahrain,2011,96.0,31.875,0.0
48,Bahrain,2012,96.0,31.875,0.0
48,Bahrain,2013,96.0,35.0,0.0
48,Bahrain,2014,96.0,35.0,0.0
48,Bahrain,2015,96.0,35.0,0.0
48,Bahrain,2016,96.0,37.5,0.0
48,Bahrain,2017,96.0,37.5,0.0
48,Bahrain,2018,96.0,40.0,0.0
48,Bahrain,2019,96.0,46.25,
48,Bahrain,2020,96.0,55.625,
48,Bahrain,2021,96.0,65.0,
48,Bahrain,2022,,68.125,
50,Bangladesh,1971,,35.0,
50,Bangladesh,1972,1.0,35.0,1.0
50,Bangladesh,1973,1.0,38.125,1.0
50,Bangladesh,1974,1.0,38.125,1.0
50,Bangladesh,1975,1.0,38.125,1.0
50,Bangladesh,1976,1.0,38.125,1.0
50,Bangladesh,1977,1.0,38.125,1.0
50,Bangladesh,1978,1.0,38.125,1.0
50,Bangladesh,1979,1.0,38.125,1.0
50,Bangladesh,1980,1.0,38.125,1.0
50,Bangladesh,1981,1.0,38.125,1.0
50,Bangladesh,1982,,38.125,1.0
50,Bangladesh,1983,,38.125,1.0
50,Bangladesh,1984,,38.125,1.0
50,Bangladesh,1985,,38.125,1.0
50,Bangladesh,1986,2.0,38.125,1.0
50,Bangladesh,1987,2.0,38.125,1.0
50,Bangladesh,1988,2.0,38.125,1.0
50,Bangladesh,1989,2.0,38.125,1.0
50,Bangladesh,1990,2.0,38.125,1.0
50,Bangladesh,1991,2.0,38.125,1.0
50,Bangladesh,1992,2.0,38.125,1.0
50,Bangladesh,1993,2.0,38.125,1.0
50,Bangladesh,1994,2.0,38.125,1.0
50,Bangladesh,1995,2.0,38.125,1.0
50,Bangladesh,1996,2.0,38.125,1.0
50,Bangladesh,1997,2.0,38.125,1.0
50,Bangladesh,1998,2.0,38.125,
50,Bangladesh,1999,2.0,38.125,
50,Bangladesh,2000,2.0,38.125,
50,Bangladesh,2001,2.0,38.125,
50,Bangladesh,2002,2.0,38.125,
50,Bangladesh,2003,2.0,38.125,
50,Bangladesh,2004,2.0,38.125,
50,Bangladesh,2005,2.0,38.125,
50,Bangladesh,2006,2.0,38.125,
50,Bangladesh,2007,2.0,43.75,0.0
50,Bangladesh,2008,2.0,43.75,0.0
50,Bangladesh,2009,2.0,46.875,0.0
50,Bangladesh,2010,2.0,46.875,0.0
50,Bangladesh,2011,2.0,49.375,0.0
50,Bangladesh,2012,2.0,49.375,0.0
50,Bangladesh,2013,2.0,49.375,0.0
50,Bangladesh,2014,2.0,49.375,0.0
50,Bangladesh,2015,2.0,49.375,0.0
50,Bangladesh,2016,2.0,49.375,0.0
50,Bangladesh,2017,2.0,49.375,0.0
50,Bangladesh,2018,2.0,49.375,0.0
50,Bangladesh,2019,2.0,49.375,
50,Bangladesh,2020,2.0,49.375,
50,Bangladesh,2021,2.0,49.375,
50,Bangladesh,2022,,49.375,
51,Armenia,1992,,58.125,0.0
51,Armenia,1993,,58.125,0.0
51,Armenia,1994,,58.125,0.0
51,Armenia,1995,2.0,58.125,1.0
51,Armenia,1996,2.0,61.25,1.0
51,Armenia,1997,2.0,61.25,1.0
51,Armenia,1998,2.0,61.25,1.0
51,Armenia,1999,2.0,61.25,1.0
51,Armenia,2000,2.0,61.25,1.0
51,Armenia,2001,2.0,61.25,1.0
51,Armenia,2002,2.0,61.25,1.0
51,Armenia,2003,2.0,64.375,1.0
51,Armenia,2004,2.0,64.375,1.0
51,Armenia,2005,2.0,76.875,1.0
51,Armenia,2006,2.0,79.375,1.0
51,Armenia,2007,2.0,79.375,1.0
51,Armenia,2008,2.0,79.375,1.0
51,Armenia,2009,2.0,79.375,1.0
51,Armenia,2010,2.0,79.375,1.0
51,Armenia,2011,2.0,82.5,1.0
51,Armenia,2012,2.0,82.5,1.0
51,Armenia,2013,2.0,82.5,1.0
51,Armenia,2014,2.0,82.5,1.0
51,Armenia,2015,1.0,82.5,1.0
51,Armenia,2016,1.0,82.5,1.0
51,Armenia,2017,1.0,82.5,1.0
51,Armenia,2018,1.0,85.0,1.0
51,Armenia,2019,1.0,85.0,
51,Armenia,2020,1.0,85.0,
51,Armenia,2021,1.0,87.5,
51,Armenia,2022,,87.5,
52,Barbados,1967,1.0,,0.0
52,Barbados,1968,1.0,,0.0
52,Barbados,1969,1.0,,0.0
52,Barbados,1970,1.0,60.0,0.0
52,Barbados,1971,1.0,60.0,0.0
52,Barbados,1972,1.0,60.0,0.0
52,Barbados,1973,1.0,60.0,0.0
52,Barbados,1974,1.0,60.0,0.0
52,Barbados,1975,1.0,60.0,0.0
52,Barbados,1976,1.0,60.0,0.0
52,Barbados,1977,1.0,62.5,0.0
52,Barbados,1978,1.0,62.5,0.0
52,Barbados,1979,1.0,62.5,0.0
52,Barbados,1980,1.0,65.625,0.0
52,Barbados,1981,1.0,65.625,0.0
52,Barbados,1982,1.0,68.125,0.0
52,Barbados,1983,1.0,68.125,0.0
52,Barbados,1984,1.0,68.125,0.0
52,Barbados,1985,1.0,68.125,0.0
52,Barbados,1986,1.0,68.125,0.0
52,Barbados,1987,1.0,68.125,0.0
52,Barbados,1988,1.0,68.125,0.0
52,Barbados,1989,1.0,68.125,0.0
52,Barbados,1990,1.0,68.125,0.0
52,Barbados,1991,1.0,68.125,0.0
52,Barbados,1992,1.0,70.625,0.0
52,Barbados,1993,1.0,70.625,0.0
52,Barbados,1994,1.0,70.625,0.0
52,Barbados,1995,1.0,70.625,0.0
52,Barbados,1996,1.0,70.625,0.0
52,Barbados,1997,1.0,70.625,0.0
52,Barbados,1998,1.0,70.625,0.0
52,Barbados,1999,1.0,70.625,0.0
52,Barbados,2000,1.0,70.625,0.0
52,Barbados,2001,1.0,70.625,0.0
52,Barbados,2002,1.0,70.625,0.0
52,Barbados,2003,1.0,70.625,0.0
52,Barbados,2004,1.0,70.625,0.0
52,Barbados,2005,1.0,70.625,0.0
52,Barbados,2006,1.0,70.625,0.0
52,Barbados,2007,1.0,70.625,0.0
52,Barbados,2008,1.0,70.625,0.0
52,Barbados,2009,1.0,70.625,0.0
52,Barbados,2010,1.0,70.625,0.0
52,Barbados,2011,1.0,70.625,0.0
52,Barbados,2012,1.0,70.625,0.0
52,Barbados,2013,1.0,70.625,0.0
52,Barbados,2014,1.0,70.625,0.0
52,Barbados,2015,1.0,70.625,0.0
52,Barbados,2016,1.0,70.625,0.0
52,Barbados,2017,1.0,70.625,0.0
52,Barbados,2018,1.0,76.875,0.0
52,Barbados,2019,1.0,76.875,
52,Barbados,2020,1.0,80.0,
52,Barbados,2021,1.0,80.0,
52,Barbados,2022,,80.0,
56,Belgium,1946,96.0,,
56,Belgium,1947,96.0,,
56,Belgium,1948,96.0,,0.0
56,Belgium,1949,96.0,,0.0
56,Belgium,1950,96.0,,0.0
56,Belgium,1951,96.0,,0.0
56,Belgium,1952,96.0,,0.0
56,Belgium,1953,96.0,,0.0
56,Belgium,1954,96.0,,0.0
56,Belgium,1955,96.0,,0.0
56,Belgium,1956,96.0,,0.0
56,Belgium,1957,96.0,,0.0
56,Belgium,1958,96.0,,0.0
56,Belgium,1959,96.0,,0.0
56,Belgium,1960,96.0,,0.0
56,Belgium,1961,96.0,,0.0
56,Belgium,1962,96.0,,0.0
56,Belgium,1963,96.0,,0.0
56,Belgium,1964,96.0,,0.0
56,Belgium,1965,96.0,,0.0
56,Belgium,1966,96.0,,0.0
56,Belgium,1967,96.0,,0.0
56,Belgium,1968,96.0,,0.0
56,Belgium,1969,96.0,,0.0
56,Belgium,1970,96.0,41.25,0.0
56,Belgium,1971,96.0,41.25,0.0
56,Belgium,1972,96.0,43.75,0.0
56,Belgium,1973,96.0,43.75,0.0
56,Belgium,1974,96.0,43.75,0.0
56,Belgium,1975,96.0,43.75,0.0
56,Belgium,1976,96.0,43.75,0.0
56,Belgium,1977,96.0,64.375,0.0
56,Belgium,1978,96.0,64.375,0.0
56,Belgium,1979,96.0,64.375,0.0
56,Belgium,1980,96.0,64.375,0.0
56,Belgium,1981,96.0,64.375,0.0
56,Belgium,1982,96.0,64.375,0.0
56,Belgium,1983,96.0,64.375,0.0
56,Belgium,1984,96.0,64.375,0.0
56,Belgium,1985,96.0,64.375,0.0
56,Belgium,1986,96.0,64.375,0.0
56,Belgium,1987,96.0,64.375,0.0
56,Belgium,1988,96.0,64.375,0.0
56,Belgium,1989,96.0,64.375,0.0
56,Belgium,1990,96.0,64.375,0.0
56,Belgium,1991,96.0,64.375,0.0
56,Belgium,1992,96.0,64.375,0.0
56,Belgium,1993,96.0,64.375,0.0
56,Belgium,1994,96.0,64.375,0.0
56,Belgium,1995,96.0,66.875,0.0
56,Belgium,1996,96.0,66.875,0.0
56,Belgium,1997,96.0,70.0,0.0
56,Belgium,1998,96.0,72.5,0.0
56,Belgium,1999,96.0,75.625,0.0
56,Belgium,2000,96.0,75.625,0.0
56,Belgium,2001,96.0,75.625,0.0
56,Belgium,2002,96.0,75.625,0.0
56,Belgium,2003,96.0,84.375,0.0
56,Belgium,2004,96.0,84.375,0.0
56,Belgium,2005,96.0,84.375,0.0
56,Belgium,2006,96.0,84.375,0.0
56,Belgium,2007,96.0,87.5,0.0
56,Belgium,2008,96.0,87.5,0.0
56,Belgium,2009,96.0,93.75,0.0
56,Belgium,2010,96.0,93.75,0.0
56,Belgium,2011,96.0,100.0,0.0
56,Belgium,2012,96.0,100.0,0.0
56,Belgium,2013,96.0,100.0,0.0
56,Belgium,2014,96.0,100.0,0.0
56,Belgium,2015,96.0,100.0,0.0
56,Belgium,2016,96.0,100.0,0.0
56,Belgium,2017,96.0,100.0,0.0
56,Belgium,2018,96.0,100.0,0.0
56,Belgium,2019,96.0,100.0,
56,Belgium,2020,96.0,100.0,
56,Belgium,2021,96.0,100.0,
56,Belgium,2022,,100.0,
64,Bhutan,1953,2.0,,
64,Bhutan,1954,2.0,,
64,Bhutan,1955,2.0,,
64,Bhutan,1956,2.0,,
64,Bhutan,1957,2.0,,
64,Bhutan,1958,2.0,,
64,Bhutan,1959,2.0,,
64,Bhutan,1960,2.0,,
64,Bhutan,1961,2.0,,
64,Bhutan,1962,2.0,,
64,Bhutan,1963,2.0,,
64,Bhutan,1964,2.0,,
64,Bhutan,1965,2.0,,
64,Bhutan,1966,2.0,,
64,Bhutan,1967,2.0,,
64,Bhutan,1968,2.0,,
64,Bhutan,1969,2.0,,
64,Bhutan,1970,2.0,55.0,
64,Bhutan,1971,2.0,55.0,
64,Bhutan,1972,2.0,55.0,
64,Bhutan,1973,2.0,55.0,
64,Bhutan,1974,2.0,55.0,
64,Bhutan,1975,2.0,55.0,
64,Bhutan,1976,2.0,55.0,
64,Bhutan,1977,2.0,55.0,
64,Bhutan,1978,2.0,55.0,
64,Bhutan,1979,2.0,55.0,
64,Bhutan,1980,2.0,55.0,
64,Bhutan,1981,2.0,55.0,
64,Bhutan,1982,2.0,55.0,
64,Bhutan,1983,2.0,55.0,
64,Bhutan,1984,2.0,55.0,
64,Bhutan,1985,2.0,55.0,
64,Bhutan,1986,2.0,55.0,
64,Bhutan,1987,2.0,55.0,
64,Bhutan,1988,2.0,55.0,
64,Bhutan,1989,2.0,55.0,
64,Bhutan,1990,2.0,55.0,
64,Bhutan,1991,2.0,55.0,
64,Bhutan,1992,2.0,55.0,
64,Bhutan,1993,2.0,55.0,
64,Bhutan,1994,2.0,55.0,
64,Bhutan,1995,2.0,55.0,
64,Bhutan,1996,2.0,55.0,
64,Bhutan,1997,2.0,55.0,
64,Bhutan,1998,2.0,55.0,
64,Bhutan,1999,2.0,55.0,
64,Bhutan,2000,2.0,55.0,
64,Bhutan,2001,2.0,55.0,
64,Bhutan,2002,2.0,55.0,
64,Bhutan,2003,2.0,55.0,
64,Bhutan,2004,2.0,55.0,
64,Bhutan,2005,2.0,55.0,
64,Bhutan,2006,2.0,55.0,
64,Bhutan,2007,2.0,70.0,
64,Bhutan,2008,1.0,70.0,
64,Bhutan,2009,1.0,70.0,
64,Bhutan,2010,1.0,72.5,
64,Bhutan,2011,1.0,72.5,
64,Bhutan,2012,1.0,72.5,
64,Bhutan,2013,1.0,75.0,
64,Bhutan,2014,1.0,75.0,
64,Bhutan,2015,1.0,75.0,
64,Bhutan,2016,1.0,75.0,
64,Bhutan,2017,1.0,75.0,
64,Bhutan,2018,1.0,75.0,
64,Bhutan,2019,1.0,75.0,
64,Bhutan,2020,1.0,75.0,
64,Bhutan,2021,1.0,75.0,
64,Bhutan,2022,,75.0,
68,Bolivia (Plurinational State of),1946,1.0,,1.0
68,Bolivia (Plurinational State of),1947,1.0,,1.0
68,Bolivia (Plurinational State of),1948,1.0,,1.0
68,Bolivia (Plurinational State of),1949,1.0,,1.0
68,Bolivia (Plurinational State of),1950,1.0,,1.0
68,Bolivia (Plurinational State of),1951,1.0,,1.0
68,Bolivia (Plurinational State of),1952,1.0,,1.0
68,Bolivia (Plurinational State of),1953,1.0,,1.0
68,Bolivia (Plurinational State of),1954,1.0,,1.0
68,Bolivia (Plurinational State of),1955,1.0,,1.0
68,Bolivia (Plurinational State of),1956,1.0,,1.0
68,Bolivia (Plurinational State of),1957,1.0,,1.0
68,Bolivia (Plurinational State of),1958,1.0,,1.0
68,Bolivia (Plurinational State of),1959,1.0,,1.0
68,Bolivia (Plurinational State of),1960,1.0,,1.0
68,Bolivia (Plurinational State of),1961,2.0,,1.0
68,Bolivia (Plurinational State of),1962,2.0,,1.0
68,Bolivia (Plurinational State of),1963,2.0,,1.0
68,Bolivia (Plurinational State of),1964,,,1.0
68,Bolivia (Plurinational State of),1965,,,1.0
68,Bolivia (Plurinational State of),1966,,,1.0
68,Bolivia (Plurinational State of),1967,1.0,,1.0
68,Bolivia (Plurinational State of),1968,1.0,,1.0
68,Bolivia (Plurinational State of),1969,1.0,,1.0
68,Bolivia (Plurinational State of),1970,1.0,36.875,1.0
68,Bolivia (Plurinational State of),1971,1.0,36.875,1.0
68,Bolivia (Plurinational State of),1972,1.0,36.875,1.0
68,Bolivia (Plurinational State of),1973,1.0,53.75,1.0
68,Bolivia (Plurinational State of),1974,1.0,53.75,1.0
68,Bolivia (Plurinational State of),1975,1.0,53.75,1.0
